INSERT INTO instructor (name,person_number,phone_number,email_address,age,address)
VALUES
  ('Nissim Kent','2311577553','0800 592 9058','velit.justo@hotmail.com','24','Ap #744-1536 Quis Rd.'),
  ('Kameko Olsen','1115318277','0396 575 4831','dui@aol.ca','25','Ap #177-2352 Felis Ave'),
  ('Maggie Mccormick','1275331365','(01867) 55650','vitae.velit@outlook.ca','21','204 Convallis, Street'),
  ('Jameson Manning','6467602785','055 4812 4475','erat.in.consectetuer@aol.edu','15','Ap #989-2265 Magna Av.'),
  ('Steven Rosario','4745265293','0906 548 5574','proin.non.massa@yahoo.edu','82','Ap #618-1186 Lorem Street'),
  ('Rose Fisher','3435202825','0996 241 8854','luctus.felis@hotmail.com','45','7390 Quam Road'),
  ('Desiree Brewer','9214487846','(026) 2550 7364','nunc.sed@outlook.couk','47','279-3707 Sit Avenue'),
  ('Yoko Decker','6326385882','(01166) 258351','non@protonmail.net','38','P.O. Box 709, 9358 Morbi St.'),
  ('Erich Velazquez','4254376148','056 5922 9937','pede.malesuada@hotmail.couk','59','317-9876 Habitant Av.');


INSERT INTO music_school (address, name)
VALUES
  ('Ap #618-1186 Lorem Street','Soundgood Music School');


  INSERT INTO schedule (time,room)
VALUES
  ('12:31 PM','323'),
  ('11:34 PM','848'),
  ('4:37 PM','354'),
  ('3:43 AM','977'),
  ('12:42 PM','179'),
  ('1:50 PM','496'),
  ('3:24 PM','731'),
  ('1:26 AM','163'),
  ('9:12 AM','363')
  ('4:30 AM','323'),
  ('9:10 AM','044'),
  ('1:55 AM','134'),
  ('4:21 AM','554'),
  ('4:18 PM','787'),
  ('9:33 PM','344'),
  ('7:01 PM','489'),
  ('3:20 PM','012'),
  ('10:53 PM','728')
  ('10:36 PM','622'),
  ('2:33 PM','568'),
  ('11:09 AM','533'),
  ('12:07 PM','585'),
  ('12:11 PM','512'),
  ('2:21 PM','123'),
  ('9:16 AM','449'),
  ('8:12 AM','918'),
  ('11:58 AM','716')
  ('12:40 AM','636'),
  ('10:01 AM','696'),
  ('1:15 PM','282');

  INSERT INTO skill_level (level)
VALUES
  ('beginner'),
  ('intermediate'),
  ('advanced');



INSERT INTO student (name,person_number,phone_number,address,sibling_person_number,email_address)
VALUES
  ('Timon Dominguez','8700551747','0800 444 1111','Ap #586-6323 Pellentesque Rd.','7237388232','mauris.nulla.integer@outlook.net'),
  ('Iris Cantu','8217852645','0845 46 47','Ap #880-8496 Rutrum, St.','8053664270','cras.vulputate@yahoo.com'),
  ('Phyllis Hopkins','9041211322','0800 230 7561','656-7818 Condimentum Road','4971742418','gravida.sit.amet@hotmail.net'),
  ('Nola Reynolds','3751775547','070 6981 5501','875-8455 Gravida Road','7978205611','erat.nonummy@aol.ca'),
  ('Caryn Maldonado','0575110561','0948 763 0152','292-1111 Aenean Avenue','1272379220','pellentesque.ut@aol.com'),
  ('Paul Hopkins','5558377634','(01735) 868025','586-3325 Tempor St.','2286556446','quis.diam@outlook.couk'),
  ('Victor Goff','3855799577','(01712) 031219','P.O. Box 574, 3830 Ut Av.','5717768437','in@outlook.org'),
  ('Wyoming Hayes','2838331737','070 7754 5135','Ap #445-8835 Nonummy St.','2159334317','leo@hotmail.couk'),
  ('Zeph Gamble','5095856588','055 3201 7734','180-6330 Non Rd.','1166165188','turpis.nulla@yahoo.ca')
  ('Kasimir Harmon','8208898478','0500 304028','435-2804 Habitant Ave','3257564931','vulputate.ullamcorper@icloud.net'),
  ('Raymond Wong','2633871104','(016977) 6245','Ap #291-388 Mollis. Av.','5788604334','adipiscing.non@aol.couk'),
  ('Leilani Ortega','9442166183','0337 348 3668','4687 Eget, Avenue','7881622708','consequat.auctor@hotmail.couk'),
  ('Emily Logan','7771755012','(024) 1462 3161','580-575 In Rd.','8750985647','in.scelerisque@protonmail.net'),
  ('Jocelyn Guzman','3656663292','0500 535249','Ap #244-112 Nunc Avenue','8675835794','lorem.semper@google.net'),
  ('Mallory Valenzuela','4482316362','055 3436 9410','694-7396 Est, Street','8463963366','mauris@hotmail.couk'),
  ('Neville Mills','3683262371','0883 483 9821','Ap #647-6003 Amet Av.','0154200106','fames.ac@hotmail.ca'),
  ('Nehru Paul','4139337510','056 8264 5644','P.O. Box 637, 2783 Sed St.','6143682055','tempus@protonmail.edu'),
  ('Xena Mcpherson','8154742097','0800 245 3290','Ap #330-3065 A St.','6848782886','vulputate.velit.eu@yahoo.ca')
  ('Maggy Avery','4943214370','(016977) 1178','P.O. Box 629, 9369 Fringilla Rd.','2955630825','maecenas.libero@yahoo.edu'),
  ('Haviva Terry','8139971458','(0131) 307 1776','158-154 Tristique Rd.','2014132174','magnis.dis.parturient@outlook.ca'),
  ('Brenden Hopkins','8873475073','07624 368733','Ap #842-4165 Semper. Ave','7829173268','elit.pretium.et@protonmail.org'),
  ('Olympia Francis','8782194611','070 8779 4703','Ap #673-7519 Non Av.','8603683892','iaculis.enim@outlook.net'),
  ('Jin Bell','2532911583','(022) 8198 4973','8169 Et Av.','4116922434','cras.dolor@aol.couk'),
  ('Ralph Zamora','6282432998','(01487) 81936','P.O. Box 918, 8985 Vivamus Av.','1272618417','arcu.vestibulum.ante@protonmail.org'),
  ('Nomlanga Sosa','6383821341','07267 362008','Ap #341-3586 Ipsum. Rd.','3608090323','vitae.odio@icloud.com'),
  ('Maryam Hancock','6622722831','0845 46 41','Ap #195-1675 Proin Ave','6742166086','convallis.convallis@hotmail.ca'),
  ('Ferris Keith','1055817763','0864 034 2646','8972 Cursus Road','5284553410','ligula@protonmail.edu')
  ('Ignatius Holman','2715454726','(01675) 46418','P.O. Box 353, 731 Est. Av.','2372350628','inceptos.hymenaeos@google.com'),
  ('Kelly Vinson','9367127828','0800 115 5136','657-388 Non St.','7844946716','ullamcorper.viverra@aol.com'),
  ('Hyatt Weeks','2554975348','(011622) 17267','803-3108 Non St.','6417323257','in.faucibus@yahoo.com'),
  ('Bo Ball','2533671775','0315 393 6810','Ap #530-6431 Lacus. St.','8348386011','vulputate.eu@protonmail.edu'),
  ('Alden Macias','2164221619','0500 435147','Ap #964-3423 Dignissim Rd.','5649691205','tincidunt.vehicula@protonmail.ca'),
  ('Gannon Palmer','7875263522','0800 483 3517','Ap #854-843 Phasellus Av.','4034376137','cursus.in@protonmail.edu'),
  ('Adrienne Hensley','5861577146','(027) 9237 9017','Ap #886-6089 Phasellus Avenue','3264273341','quisque.tincidunt.pede@outlook.com'),
  ('Cole Lee','5333601167','0500 226911','Ap #632-5840 Vitae St.','4637827185','ut.nisi@protonmail.com'),
  ('Malachi Vaughn','7741166638','070 8233 5435','2172 Luctus St.','6821153812','quis.urna@google.couk')
  ('Blake Moses','1995786797','0845 46 41','Ap #334-8423 Malesuada St.','1217800246','quam@outlook.couk'),
  ('Fletcher Curtis','8551366945','(017498) 64184','2150 A, Road','4768553757','semper.egestas@aol.net'),
  ('April Noble','0213346653','(0171) 564 9574','307-8798 Lectus Avenue','1924309935','hendrerit.consectetuer@protonmail.ca'),
  ('Nora Douglas','0349243432','(0118) 556 1803','Ap #793-4521 Lobortis Rd.','9892056440','nullam.ut@hotmail.edu'),
  ('Reuben Johnston','4653565016','0500 815649','911-9602 Ut Rd.','1321746707','sociis.natoque.penatibus@google.ca'),
  ('Craig Chavez','8477486431','(0113) 150 3409','1386 Donec Rd.','3135145834','at.fringilla.purus@hotmail.org'),
  ('Jameson Moss','1178661348','(0111) 113 3161','295-3399 Ornare, St.','4611868556','ipsum.dolor@protonmail.ca'),
  ('Lunea Fischer','7562765734','07624 752874','654-5071 Dui St.','7849319704','faucibus.lectus@outlook.net'),
  ('Cameron Brewer','8497840258','07148 616329','Ap #990-3695 Purus. Rd.','6553431664','accumsan@outlook.com')
  ('Mufutau Boyd','4267467124','(0141) 001 1626','Ap #652-5948 Varius Rd.','0284455465','auctor.ullamcorper@outlook.net'),
  ('Cain Gay','7378483228','0933 052 9688','2308 Feugiat Road','3127837471','est.nunc@protonmail.com'),
  ('Kirby Prince','7362631242','(016977) 2438','Ap #524-9617 Leo, St.','4534837152','scelerisque.scelerisque.dui@outlook.edu'),
  ('Madeline Church','7805331524','07624 682117','P.O. Box 668, 4338 Egestas St.','4349568736','tempor.erat@outlook.com'),
  ('Orla Frazier','7414585841','(01785) 19230','144-4157 Mattis. St.','2121967558','metus@aol.org')
  ('Gary Sanders','5036458848','(01150) 117353','756-925 Convallis Ave','2592403725','dui@hotmail.ca'),
  ('Moses Snider','0824714663','(01521) 74816','Ap #414-8883 Sollicitudin Road','6361273387','aliquam.arcu@hotmail.edu'),
  ('Nissim Wilkerson','0614134746','(0112) 804 8875','Ap #563-9275 Lobortis. Road','6137703365','a.enim.suspendisse@protonmail.edu'),
  ('Bradley Franks','4839174565','070 0397 8665','Ap #693-7567 Magna Road','7523489944','porttitor@outlook.com'),
  ('Illiana Grimes','8505233973','076 3769 2377','P.O. Box 894, 734 Sed Rd.','7007221464','fusce.diam@google.ca'),
  ('Julian Levine','3680073365','055 7265 8587','Ap #585-334 Hendrerit Ave','2914410551','dignissim.lacus@outlook.couk'),
  ('Todd Madden','3008393776','(01598) 84225','386-8690 Nunc Road','0664788483','nunc.nulla.vulputate@google.ca'),
  ('Rachel O''donnell','4015117121','0967 005 1977','P.O. Box 124, 7750 Mi St.','9611350301','dictum.sapien.aenean@hotmail.com'),
  ('Britanni Sandoval','0507146043','(024) 8687 8342','P.O. Box 707, 5275 Nisi. Street','0271519320','ut.pellentesque@yahoo.couk')
  ('Phoebe Meyer','7473339803','(01556) 431341','587-4708 Orci St.','5467457124','curae.phasellus.ornare@yahoo.net'),
  ('Vance Silva','1272425148','0500 145394','Ap #655-2345 Integer Road','1054623292','montes.nascetur.ridiculus@icloud.net'),
  ('Stuart Franco','4642736271','07772 685029','Ap #349-4454 Lorem Av.','6924645408','arcu.ac@yahoo.net'),
  ('Riley Pierce','7675537017','07821 882282','Ap #980-9327 Metus Rd.','8035284579','nullam@google.ca'),
  ('Lars Joyner','7708843225','0345 623 0610','Ap #799-2638 Velit Road','1333714788','varius.orci@google.edu'),
  ('Guy Morse','8784741296','(01462) 42836','P.O. Box 341, 7637 Orci. Rd.','1153518251','in.hendrerit@icloud.ca'),
  ('Dale Whitehead','1257961855','0832 315 2167','814-4855 Netus Av.','1162811152','cras@yahoo.com'),
  ('Tanner Reilly','8237630334','(01157) 620972','288-5048 Imperdiet Ave','6162216657','velit.sed@aol.edu'),
  ('Aurelia Cote','7715504391','(015257) 58146','7209 Ornare, Rd.','1781763081','lectus@yahoo.ca')
  ('Ciaran Avery','8814132152','0800 444267','Ap #170-1840 Mauris Rd.','6279675753','aenean.gravida@hotmail.couk'),
  ('Lewis Fry','5365431105','055 4162 8978','P.O. Box 118, 466 Molestie Avenue','8569334253','tincidunt.dui@hotmail.net'),
  ('Indira Roy','1933254573','(0131) 293 2326','1661 Nunc St.','4183422303','nonummy.ac@protonmail.net'),
  ('Kirby Reilly','2393613227','0371 805 2504','Ap #915-4161 Sed Ave','3341472767','et.ultrices.posuere@aol.edu'),
  ('Emmanuel Mitchell','7787014826','056 7732 1786','Ap #976-8096 Sit Rd.','5232268867','id.blandit@aol.net'),
  ('Martena Mercer','4462705441','0800 021 5445','501-8902 Gravida Rd.','3424985824','torquent.per@hotmail.net'),
  ('Alexa Fitzpatrick','5055236548','(01528) 89289','3758 Egestas. St.','5514454383','luctus.et.ultrices@protonmail.net'),
  ('Jackson Goodman','7781178467','(0114) 456 3226','Ap #906-5098 Pharetra Av.','0368526315','vehicula.aliquet.libero@google.couk');


  INSERT INTO application (email_address,phone_number,instrument)
VALUES
  ('porttitor@outlook.org','0377 416 4603','piano'),
  ('sagittis@aol.couk','0800 441 6743','cello'),
  ('tellus@google.couk','(017760) 80633','violin'),
  ('ac.mi@icloud.com','0934 735 4542','bass'),
  ('sit@yahoo.org','(024) 2857 6188','viola'),
  ('et.tristique@icloud.org','055 9023 7471','harp'),
  ('nullam.vitae@yahoo.ca','0800 422 4543','trumpet'),
  ('amet@google.com','(0119) 316 6597','guitar'),
  ('ridiculus.mus@hotmail.couk','(016736) 89428','drums')
  ('ligula.aliquam.erat@hotmail.couk','0800 545 5786','piano'),
  ('facilisis.magna@hotmail.net','0800 868 1697','cello'),
  ('mattis.cras@google.net','0800 722 1116','violin'),
  ('elit.curabitur@google.ca','0842 691 6161','bass'),
  ('fusce@outlook.couk','(016977) 6065','viola'),
  ('mauris.sit.amet@google.org','070 1218 9615','harp'),
  ('elit.erat@aol.net','0800 241366','trumpet'),
  ('auctor.velit@google.edu','0325 850 2841','guitar'),
  ('dictum.cursus@yahoo.couk','07640 014146','drums')
  ('et.lacinia@aol.couk','055 7268 5072','piano'),
  ('arcu.imperdiet@icloud.ca','(0141) 206 5474','cello'),
  ('sit@hotmail.org','(0141) 373 9874','violin'),
  ('quisque.ornare.tortor@google.ca','055 3785 8396','bass'),
  ('molestie.arcu@protonmail.ca','076 3520 7289','viola'),
  ('iaculis.lacus@protonmail.net','0845 46 43','harp'),
  ('sagittis.duis@protonmail.edu','056 6526 7770','trumpet'),
  ('nec@google.org','0941 371 2198','guitar'),
  ('lectus.pede@yahoo.com','055 7544 1577','drums')
  ('eget.volutpat.ornare@protonmail.com','056 8247 7077','piano'),
  ('ipsum.donec@aol.org','(016977) 8871','cello'),
  ('imperdiet.ullamcorper.duis@yahoo.edu','(028) 7775 5288','violin'),
  ('curabitur.ut@outlook.com','0931 216 9764','bass'),
  ('proin.velit.sed@outlook.net','070 0212 8761','viola'),
  ('enim.suspendisse.aliquet@icloud.com','0800 724 9813','harp'),
  ('mollis.phasellus@aol.edu','(011542) 81267','trumpet'),
  ('maecenas.mi@outlook.edu','070 5128 0464','guitar'),
  ('in.at@hotmail.ca','0813 553 7172','drums')
  ('praesent.luctus@hotmail.org','(01124) 20280','piano'),
  ('risus@google.com','0381 755 5563','cello'),
  ('massa.rutrum.magna@icloud.org','0800 1111','violin'),
  ('ipsum.dolor@hotmail.net','0800 095 9072','bass'),
  ('mauris.sapien@outlook.edu','0800 1111','viola'),
  ('nunc@aol.ca','0845 46 44','harp'),
  ('libero.proin@aol.couk','0800 1111','trumpet'),
  ('phasellus.in@protonmail.edu','076 7512 7113','guitar'),
  ('molestie.in.tempus@google.com','(0112) 670 5812','drums')
  ('nam.consequat.dolor@protonmail.ca','(016977) 6390','piano'),
  ('amet.consectetuer.adipiscing@google.edu','(027) 7517 7543','cello'),
  ('lorem@hotmail.couk','0845 46 43','violin'),
  ('mi@google.net','(025) 6104 3828','bass'),
  ('aenean.gravida@google.com','0319 113 3481','viola')
  ('commodo.auctor@google.edu','07624 789602','piano'),
  ('neque.tellus@icloud.edu','07887 425425','cello'),
  ('lorem.auctor.quis@hotmail.org','0800 498 2642','violin'),
  ('egestas.blandit.nam@aol.edu','(011111) 35864','bass'),
  ('odio.a.purus@outlook.ca','(01835) 313163','viola'),
  ('fringilla@protonmail.ca','070 1070 5284','harp'),
  ('nunc@protonmail.couk','0800 1111','trumpet'),
  ('id.nunc@google.couk','07010 276965','guitar'),
  ('nec@icloud.org','0995 075 2932','drums')
  ('sed@hotmail.edu','0845 46 47','piano'),
  ('nec@outlook.couk','0800 358361','cello'),
  ('pretium.neque@yahoo.com','0800 604 7137','violin'),
  ('dolor.donec@yahoo.net','07775 203985','bass'),
  ('maecenas.malesuada@icloud.org','0500 625464','viola'),
  ('aliquam.erat.volutpat@outlook.net','(015273) 19814','harp'),
  ('proin.eget@aol.couk','07394 155144','trumpet'),
  ('sed.dolor.fusce@outlook.ca','(01777) 28864','guitar'),
  ('elit.curabitur@yahoo.net','076 8166 8323','drums')
  ('nunc.quisque.ornare@icloud.net','056 3135 4061','piano'),
  ('cras.sed@hotmail.couk','(01387) 21225','cello'),
  ('non.sapien@outlook.com','(0191) 340 9182','violin'),
  ('est.mollis.non@outlook.edu','(0118) 862 5758','bass'),
  ('sem@icloud.net','0393 281 1478','viola'),
  ('ante.vivamus@yahoo.net','0343 256 3384','harp'),
  ('ut.dolor.dapibus@yahoo.net','0800 227756','trumpet'),
  ('imperdiet.dictum@hotmail.ca','(01564) 05322','guitar'),
  ('auctor.quis.tristique@yahoo.ca','0305 583 2540','drums')
  ('eu.eros@protonmail.com','076 9283 6907','piano'),
  ('integer@protonmail.net','0800 1111','cello'),
  ('sociosqu.ad@protonmail.org','(0114) 726 9259','violin'),
  ('integer.vulputate@protonmail.net','0500 623479','bass'),
  ('semper.et@icloud.edu','0889 653 4829','viola'),
  ('curabitur.vel@protonmail.couk','0800 126 1172','harp'),
  ('interdum.ligula.eu@icloud.com','056 1255 8272','trumpet'),
  ('quisque.ornare.tortor@yahoo.ca','076 8816 1922','guitar'),
  ('ligula.eu@icloud.ca','0800 313 8519','drums')
  ('nibh@icloud.ca','(021) 9813 9756','piano'),
  ('taciti.sociosqu@outlook.com','076 7094 4395','cello'),
  ('senectus@yahoo.couk','0883 187 0922','violin'),
  ('ante@icloud.couk','056 1128 5564','bass');



INSERT INTO contact_person (name,phone_number)
VALUES
  ('Freya Petty','0995 813 4777'),
  ('Quamar Gray','055 9277 1670'),
  ('Carlos Kline','0912 547 1923'),
  ('Zephr Byrd','07155 508202'),
  ('Phillip Griffith','076 6406 4161'),
  ('Reagan Hays','(0117) 415 4168'),
  ('Wade Mendez','0800 053239'),
  ('Kelly Morse','0800 1111'),
  ('Hadassah Wilcox','(016977) 6194')
  ('Conan Nielsen','0373 236 6395'),
  ('Honorato Bullock','055 7756 7246'),
  ('Karly Wong','(029) 6570 2327'),
  ('Graiden Pace','0800 537627'),
  ('Leilani Hines','070 1366 4355'),
  ('Rogan Rosa','070 0548 5123'),
  ('Tashya Bowers','07624 551197'),
  ('Ethan Solis','(01323) 95555'),
  ('Maite Munoz','0893 238 8870')
  ('Frances Richmond','(018388) 67202'),
  ('Jonah Haney','076 9344 2424'),
  ('Paul Deleon','0304 071 6862'),
  ('Alika Myers','(0112) 773 8659'),
  ('Colt Griffin','070 0253 3329'),
  ('Piper Vance','(0141) 136 3166'),
  ('Hiram Ferguson','07791 314238'),
  ('Hilel Mcpherson','(016977) 0268'),
  ('Slade Blanchard','(01545) 931746')
  ('Hilda Briggs','(0112) 888 5465'),
  ('Giacomo Jennings','0800 1111'),
  ('Megan Hansen','(0131) 524 7446'),
  ('Gemma Holder','070 2354 5722'),
  ('Beverly Hendricks','(0151) 111 3218'),
  ('Raven Sutton','07624 337752'),
  ('Henry Ballard','056 6571 4257'),
  ('Sydnee Robertson','0800 1111'),
  ('Blake Reid','0845 46 45')
  ('Cameron Valentine','07641 871181'),
  ('Christian Albert','(016418) 52308'),
  ('Lana Delacruz','0867 109 0533'),
  ('Yasir Farley','(016977) 9753'),
  ('Mechelle Lowery','0800 1111'),
  ('Amela Hudson','(0171) 635 3791'),
  ('Alan Knowles','0500 477810'),
  ('Wynter Fischer','0800 787 6847'),
  ('Clinton Griffith','056 0754 2464')
  ('Austin Mccall','055 7431 0352'),
  ('Emmanuel Bauer','(01582) 67832'),
  ('Medge Ray','055 3935 8943'),
  ('Wayne Blackwell','0800 035802'),
  ('Howard Andrews','07046 030124')
  ('Libby Gilmore','076 5877 0772'),
  ('Craig Munoz','07896 418474'),
  ('Deanna Schmidt','0800 461213'),
  ('Jin Goodman','(0131) 490 4968'),
  ('Emmanuel Buckner','076 4125 9644'),
  ('Noel Cardenas','070 3328 6562'),
  ('Tarik Walton','0840 217 1521'),
  ('Georgia Heath','(01120) 627928'),
  ('Laura Franco','0800 079 0366')
  ('Kuame Bright','0500 722164'),
  ('Ray Puckett','(014762) 56827'),
  ('Kim Larsen','0845 46 42'),
  ('Elton Valdez','(016977) 5252'),
  ('Melissa Daniels','0500 380894'),
  ('Travis Joyner','(0118) 429 7840');


  INSERT INTO discount (discount_percentage,student_id)
VALUES
  ('25',76),
  ('25',108),
  ('25',140),
  ('25',172),
  ('25',204),
  ('25',236),
  ('25',268),
  ('25',300),
  ('25',332);
  ('25',364),
  ('25',396),
  ('25',428),
  ('25',460),
  ('25',492),
  ('25',524),
  ('25',556),
  ('25',588),
  ('25',620);
  ('25',652),
  ('25',684),
  ('25',716),
  ('25',748),
  ('25',780),
  ('25',812),
  ('25',844);


INSERT INTO pricing (price,lesson_type,skill_level_id)
VALUES
  ('36','individual',1),
  ('20','individual',2),
  ('38','individual',3),
  ('74','group',1),
  ('94','group',2);
  ('98','group',3);


INSERT INTO rental (rental_start,rental_end,student_id)
VALUES
  ('Mar 31, 2021','Nov 24, 2021',80),
  ('Mar 15, 2021','Oct 21, 2021',116),
  ('Mar 17, 2021','Sep 29, 2021',152),
  ('Apr 5, 2021','Nov 1, 2021',188),
  ('Mar 12, 2021','Dec 14, 2021',224),
  ('Mar 9, 2021','Oct 6, 2021',260),
  ('Feb 28, 2021','Nov 22, 2021',296),
  ('Feb 25, 2021','Jan 6, 2022',332),
  ('Mar 12, 2021','Aug 28, 2021',368);
  ('Mar 27, 2021','Sep 20, 2021',404),
  ('Mar 7, 2021','Nov 2, 2021',440),
  ('Mar 30, 2021','Nov 8, 2021',476),
  ('Apr 12, 2021','Aug 17, 2021',512),
  ('Feb 7, 2021','Nov 28, 2021',548),
  ('Mar 4, 2021','Jan 10, 2022',584),
  ('Mar 14, 2021','Sep 19, 2021',620),
  ('Mar 8, 2021','Oct 3, 2021',656),
  ('Feb 12, 2021','Sep 14, 2021',692);
  ('Feb 17, 2021','Nov 6, 2021',728),
  ('Mar 22, 2021','Aug 30, 2021',764),
  ('Mar 8, 2021','Oct 3, 2021',800),
  ('Mar 27, 2021','Jan 3, 2022',836),
  ('Feb 19, 2021','Sep 27, 2021',872),
  ('Feb 14, 2021','Dec 18, 2021',908),
  ('Mar 15, 2021','Sep 28, 2021',944),
  ('Mar 31, 2021','Dec 24, 2021',980),
  ('Feb 21, 2021','Nov 21, 2021',1016);
  ('Apr 10, 2021','Sep 22, 2021',1052),
  ('Mar 21, 2021','Sep 1, 2021',1088),
  ('Apr 15, 2021','Sep 17, 2021',1124),
  ('Mar 25, 2021','Dec 16, 2021',1160),
  ('Apr 12, 2021','Oct 16, 2021',1196);


INSERT INTO instrument (name, brand, price, rental_id)
VALUES 
  ('piano','Mcfadden','66',26),
  ('cello','Mcpherson','31',53),
  ('violin','Christian','56',17),
  ('bass','Bishop','71',35),
  ('viola','Skinner','09',44),
  ('harp','Oneal','61',62),
  ('trumpet','Emerson','57',71),
  ('trombone','Harmon','15',80)
  ('guitar','Sosa','45',8),
  ('drums','Walter','36',89);

  INSERT INTO music_lesson (instrument,maximum_no_of_students,minimum_no_of_students,genre,instructor_id,student_id,schedule_id,skill_level_id,pricing_id)
VALUES
  ('piano',50,10,'punk rock',24,98,2,3,6),
  ('cello',75,15,'gospel band',80,265,6,2,5),
  ('violin',100,25,'rock',136,432,10,2,4),
  ('bass',125,10,'pop',192,599,14,1,3),
  ('viola',50,15,'metal',248,766,18,2,5),
  ('harp',75,25,'punk rock',304,933,22,3,2),
  ('trumpet',100,10,'gospel band',360,1100,26,3,1),
  ('guitar',125,15,'rock',416,1267,30,2,2),
  ('drums',50,25,'pop',472,1434,34,2,2);
  ('null',75,10,'metal',528,1601,38,1,2),
  ('piano',100,15,'punk rock',584,1768,42,2,5),
  ('cello',125,25,'gospel band',640,1935,46,3,3),
  ('violin',50,10,'rock',696,2102,50,2,5),
  ('bass',75,15,'pop',752,2269,54,3,4),
  ('viola',100,25,'metal',808,2436,58,2,3),
  ('harp',125,10,'punk rock',864,2603,62,1,2),
  ('trumpet',50,15,'gospel band',920,2770,66,2,5),
  ('guitar',75,25,'rock',976,2937,70,2,1);
  ('drums',100,10,'pop',1032,3104,74,2,4),
  ('null',125,15,'metal',1088,3271,78,3,2),
  ('piano',50,25,'punk rock',1144,3438,82,2,2),
  ('cello',75,10,'gospel band',1200,3605,86,2,6),
  ('violin',100,15,'rock',1256,3772,90,2,3),
  ('bass',125,25,'pop',1312,3939,94,1,2),
  ('viola',50,10,'metal',1368,4106,98,3,2),
  ('harp',75,15,'punk rock',1424,4273,102,3,1),
  ('trumpet',100,25,'gospel band',1480,4440,106,1,3);
  ('guitar',125,10,'rock',1536,4607,110,1,5),
  ('drums',50,15,'pop',1592,4774,114,1,6),
  ('null',75,25,'metal',1648,4941,118,2,5),
  ('piano',100,10,'punk rock',1704,5108,122,2,1),
  ('cello',125,15,'gospel band',1760,5275,126,2,1);







